[
  {
    "titre": "Les mousquetaires aux Invalides",
    "sous-titre": "",
    "pitch": "Les mousquetaires fourbissent leurs armes et se préparent à investir les Invalides, dès que le confinement sera levé.",
    "lieu": "Musée national de l'Armée"
  },
  {
    "titre": "Olympe de Gouges",
    "sous-titre": "John",
    "pitch": "Après Julie de Maupin, Fortuna prépare pour la journée internationale des droits de la femme 2021 sa dernière création portant sur Olympe de Gouges.",
    "lieu": "Noisy-le-Grand"
  }
]
